{"classes": ["Alternaria", "Anthracnose", "Bacterial_Blight", "Cercospora", "Healthy"], "curves": {"Alternaria": {"fpr": [0.0, 0.0, 0.0, 0.0015822784810126582, 0.0015822784810126582, 0.0031645569620253164, 0.0031645569620253164, 0.004746835443037975, 0.004746835443037975, 0.007911392405063292, 0.007911392405063292, 0.00949367088607595, 0.00949367088607595, 0.011075949367088608, 0.011075949367088608, 0.012658227848101266, 0.012658227848101266, 0.01740506329113924, 0.01740506329113924, 0.020569620253164556, 0.020569620253164556, 0.022151898734177215, 0.022151898734177215, 0.02531645569620253, 0.02531645569620253, 0.03481012658227848, 0.03481012658227848, 0.03639240506329114, 0.03639240506329114, 0.06962025316455696, 0.06962025316455696, 0.2389240506329114, 0.2389240506329114, 0.46677215189873417, 0.46677215189873417, 1.0], "tpr": [0.0, 0.007518796992481203, 0.8195488721804511, 0.8195488721804511, 0.8421052631578947, 0.8421052631578947, 0.8571428571428571, 0.8571428571428571, 0.8721804511278195, 0.8721804511278195, 0.8796992481203008, 0.8796992481203008, 0.8872180451127819, 0.8872180451127819, 0.8947368421052632, 0.8947368421052632, 0.9022556390977443, 0.9022556390977443, 0.9097744360902256, 0.9097744360902256, 0.9323308270676691, 0.9323308270676691, 0.9398496240601504, 0.9398496240601504, 0.9624060150375939, 0.9624060150375939, 0.9699248120300752, 0.9699248120300752, 0.9774436090225563, 0.9774436090225563, 0.9849624060150376, 0.9849624060150376, 0.9924812030075187, 0.9924812030075187, 1.0, 1.0], "auc": 0.9918387741505663}, "Anthracnose": {"fpr": [0.0, 0.0, 0.0, 0.001694915254237288, 0.001694915254237288, 0.003389830508474576, 0.003389830508474576, 0.005084745762711864, 0.005084745762711864, 0.00847457627118644, 0.00847457627118644, 0.013559322033898305, 0.013559322033898305, 0.015254237288135594, 0.015254237288135594, 0.01864406779661017, 0.01864406779661017, 0.023728813559322035, 0.023728813559322035, 0.02711864406779661, 0.02711864406779661, 0.03559322033898305, 0.03559322033898305, 0.04745762711864407, 0.04745762711864407, 0.05084745762711865, 0.05084745762711865, 0.05423728813559322, 0.05423728813559322, 0.07627118644067797, 0.07627118644067797, 0.12372881355932204, 0.12372881355932204, 0.15254237288135594, 0.15254237288135594, 0.1694915254237288, 0.1694915254237288, 0.5474576271186441, 0.5474576271186441, 1.0], "tpr": [0.0, 0.005714285714285714, 0.7885714285714286, 0.7885714285714286, 0.8171428571428572, 0.8171428571428572, 0.84, 0.84, 0.8457142857142858, 0.8457142857142858, 0.8571428571428571, 0.8571428571428571, 0.8685714285714285, 0.8685714285714285, 0.8857142857142857, 0.8857142857142857, 0.92, 0.92, 0.9257142857142857, 0.9257142857142857, 0.9485714285714286, 0.9485714285714286, 0.9542857142857143, 0.9542857142857143, 0.96, 0.96, 0.9657142857142857, 0.9657142857142857, 0.9714285714285714, 0.9714285714285714, 0.9771428571428571, 0.9771428571428571, 0.9828571428571429, 0.9828571428571429, 0.9885714285714285, 0.9885714285714285, 0.9942857142857143, 0.9942857142857143, 1.0, 1.0], "auc": 0.9907506053268765}, "Bacterial_Blight": {"fpr": [0.0, 0.0, 0.0, 0.0016129032258064516, 0.0016129032258064516, 0.0032258064516129032, 0.0032258064516129032, 0.004838709677419355, 0.004838709677419355, 0.0064516129032258064, 0.0064516129032258064, 0.00967741935483871, 0.00967741935483871, 0.01129032258064516, 0.01129032258064516, 0.016129032258064516, 0.016129032258064516, 0.017741935483870968, 0.017741935483870968, 0.020967741935483872, 0.020967741935483872, 0.024193548387096774, 0.024193548387096774, 0.03870967741935484, 0.03870967741935484, 0.08225806451612903, 0.08225806451612903, 0.2064516129032258, 0.2064516129032258, 1.0], "tpr": [0.0, 0.006896551724137931, 0.18620689655172415, 0.18620689655172415, 0.8551724137931035, 0.8551724137931035, 0.8827586206896552, 0.8827586206896552, 0.896551724137931, 0.896551724137931, 0.9172413793103448, 0.9172413793103448, 0.9241379310344827, 0.9241379310344827, 0.9379310344827586, 0.9379310344827586, 0.9448275862068966, 0.9448275862068966, 0.9517241379310345, 0.9517241379310345, 0.9724137931034482, 0.9724137931034482, 0.9793103448275862, 0.9793103448275862, 0.9862068965517241, 0.9862068965517241, 0.993103448275862, 0.993103448275862, 1.0, 1.0], "auc": 0.9953170189098999}, "Cercospora": {"fpr": [0.0, 0.0, 0.0, 0.0014925373134328358, 0.0014925373134328358, 0.005970149253731343, 0.005970149253731343, 0.011940298507462687, 0.011940298507462687, 0.01791044776119403, 0.01791044776119403, 0.020895522388059702, 0.020895522388059702, 0.022388059701492536, 0.022388059701492536, 0.03283582089552239, 0.03283582089552239, 0.03880597014925373, 0.03880597014925373, 0.041791044776119404, 0.041791044776119404, 0.04477611940298507, 0.04477611940298507, 0.05223880597014925, 0.05223880597014925, 0.10895522388059702, 0.10895522388059702, 1.0], "tpr": [0.0, 0.010526315789473684, 0.7157894736842105, 0.7157894736842105, 0.8210526315789474, 0.8210526315789474, 0.8736842105263158, 0.8736842105263158, 0.8842105263157894, 0.8842105263157894, 0.8947368421052632, 0.8947368421052632, 0.9157894736842105, 0.9157894736842105, 0.9368421052631579, 0.9368421052631579, 0.9473684210526315, 0.9473684210526315, 0.9578947368421052, 0.9578947368421052, 0.968421052631579, 0.968421052631579, 0.9789473684210527, 0.9789473684210527, 0.9894736842105263, 0.9894736842105263, 1.0, 1.0], "auc": 0.9949410840534172}, "Healthy": {"fpr": [0.0, 0.0, 0.0, 0.0018248175182481751, 0.0018248175182481751, 0.0036496350364963502, 0.0036496350364963502, 0.009124087591240875, 0.009124087591240875, 0.010948905109489052, 0.010948905109489052, 0.012773722627737226, 0.012773722627737226, 1.0], "tpr": [0.0, 0.004608294930875576, 0.6912442396313364, 0.6912442396313364, 0.9631336405529954, 0.9631336405529954, 0.9723502304147466, 0.9723502304147466, 0.9815668202764977, 0.9815668202764977, 0.9953917050691244, 0.9953917050691244, 1.0, 1.0], "auc": 0.9991758888627266}}}