{"classes": ["Alternaria", "Anthracnose", "Bacterial_Blight", "Cercospora", "Healthy"], "curves": {"Alternaria": {"fpr": [0.0, 0.0, 0.0, 0.0015822784810126582, 0.0015822784810126582, 0.0031645569620253164, 0.0031645569620253164, 0.006329113924050633, 0.006329113924050633, 0.007911392405063292, 0.007911392405063292, 0.011075949367088608, 0.011075949367088608, 0.012658227848101266, 0.012658227848101266, 0.04113924050632911, 0.04113924050632911, 0.08227848101265822, 0.08227848101265822, 0.10284810126582279, 0.10284810126582279, 0.3639240506329114, 0.3639240506329114, 1.0], "tpr": [0.0, 0.007518796992481203, 0.6691729323308271, 0.6691729323308271, 0.7368421052631579, 0.7368421052631579, 0.849624060150376, 0.849624060150376, 0.8571428571428571, 0.8571428571428571, 0.9172932330827067, 0.9172932330827067, 0.9473684210526315, 0.9473684210526315, 0.9699248120300752, 0.9699248120300752, 0.9774436090225563, 0.9774436090225563, 0.9849624060150376, 0.9849624060150376, 0.9924812030075187, 0.9924812030075187, 1.0, 1.0], "auc": 0.9939564100123728}, "Anthracnose": {"fpr": [0.0, 0.0, 0.0, 0.001694915254237288, 0.001694915254237288, 0.005084745762711864, 0.005084745762711864, 0.00847457627118644, 0.00847457627118644, 0.015254237288135594, 0.015254237288135594, 0.01694915254237288, 0.01694915254237288, 0.1, 0.1, 0.13898305084745763, 0.13898305084745763, 0.16101694915254236, 0.16101694915254236, 1.0], "tpr": [0.0, 0.005714285714285714, 0.9542857142857143, 0.9542857142857143, 0.96, 0.96, 0.9657142857142857, 0.9657142857142857, 0.9714285714285714, 0.9714285714285714, 0.9771428571428571, 0.9771428571428571, 0.9828571428571429, 0.9828571428571429, 0.9885714285714285, 0.9885714285714285, 0.9942857142857143, 0.9942857142857143, 1.0, 1.0], "auc": 0.9974430992736077}, "Bacterial_Blight": {"fpr": [0.0, 0.0, 0.0, 0.0016129032258064516, 0.0016129032258064516, 0.0032258064516129032, 0.0032258064516129032, 0.0064516129032258064, 0.0064516129032258064, 0.02903225806451613, 0.02903225806451613, 0.03870967741935484, 0.03870967741935484, 0.06612903225806452, 0.06612903225806452, 0.07741935483870968, 0.07741935483870968, 1.0], "tpr": [0.0, 0.006896551724137931, 0.7517241379310344, 0.7517241379310344, 0.9448275862068966, 0.9448275862068966, 0.9586206896551724, 0.9586206896551724, 0.9655172413793104, 0.9655172413793104, 0.9793103448275862, 0.9793103448275862, 0.9862068965517241, 0.9862068965517241, 0.993103448275862, 0.993103448275862, 1.0, 1.0], "auc": 0.9979421579532815}, "Cercospora": {"fpr": [0.0, 0.0, 0.0, 0.0014925373134328358, 0.0014925373134328358, 0.0029850746268656717, 0.0029850746268656717, 0.004477611940298508, 0.004477611940298508, 0.005970149253731343, 0.005970149253731343, 0.01791044776119403, 0.01791044776119403, 0.025373134328358207, 0.025373134328358207, 0.03134328358208955, 0.03134328358208955, 1.0], "tpr": [0.0, 0.010526315789473684, 0.8947368421052632, 0.8947368421052632, 0.9368421052631579, 0.9368421052631579, 0.9473684210526315, 0.9473684210526315, 0.9578947368421052, 0.9578947368421052, 0.968421052631579, 0.968421052631579, 0.9789473684210527, 0.9789473684210527, 0.9894736842105263, 0.9894736842105263, 1.0, 1.0], "auc": 0.9990102120974077}, "Healthy": {"fpr": [0.0, 0.0, 0.0, 0.0018248175182481751, 0.0018248175182481751, 0.0036496350364963502, 0.0036496350364963502, 0.010948905109489052, 0.010948905109489052, 1.0], "tpr": [0.0, 0.004608294930875576, 0.7695852534562212, 0.7695852534562212, 0.9907834101382489, 0.9907834101382489, 0.9953917050691244, 0.9953917050691244, 1.0, 1.0], "auc": 0.9995290793501295}}}