{"classes": ["Alternaria", "Anthracnose", "Bacterial_Blight", "Cercospora", "Healthy"], "curves": {"Alternaria": {"fpr": [0.0, 0.0, 0.0, 0.0015822784810126582, 0.0015822784810126582, 0.0031645569620253164, 0.0031645569620253164, 0.006329113924050633, 0.006329113924050633, 0.007911392405063292, 0.007911392405063292, 0.011075949367088608, 0.011075949367088608, 0.015822784810126583, 0.015822784810126583, 0.020569620253164556, 0.020569620253164556, 0.022151898734177215, 0.022151898734177215, 0.03164556962025317, 0.03164556962025317, 0.03322784810126582, 0.03322784810126582, 0.04430379746835443, 0.04430379746835443, 0.06645569620253164, 0.06645569620253164, 0.19462025316455697, 0.19462025316455697, 0.34810126582278483, 0.34810126582278483, 1.0], "tpr": [0.0, 0.007518796992481203, 0.8195488721804511, 0.8195488721804511, 0.9022556390977443, 0.9022556390977443, 0.9097744360902256, 0.9097744360902256, 0.9172932330827067, 0.9172932330827067, 0.924812030075188, 0.924812030075188, 0.9323308270676691, 0.9323308270676691, 0.9398496240601504, 0.9398496240601504, 0.9473684210526315, 0.9473684210526315, 0.9548872180451128, 0.9548872180451128, 0.9624060150375939, 0.9624060150375939, 0.9699248120300752, 0.9699248120300752, 0.9774436090225563, 0.9774436090225563, 0.9849624060150376, 0.9849624060150376, 0.9924812030075187, 0.9924812030075187, 1.0, 1.0], "auc": 0.993813648044161}, "Anthracnose": {"fpr": [0.0, 0.0, 0.0, 0.001694915254237288, 0.001694915254237288, 0.003389830508474576, 0.003389830508474576, 0.005084745762711864, 0.005084745762711864, 0.006779661016949152, 0.006779661016949152, 0.00847457627118644, 0.00847457627118644, 0.011864406779661017, 0.011864406779661017, 0.013559322033898305, 0.013559322033898305, 0.01864406779661017, 0.01864406779661017, 0.020338983050847456, 0.020338983050847456, 0.023728813559322035, 0.023728813559322035, 0.025423728813559324, 0.025423728813559324, 0.02711864406779661, 0.02711864406779661, 0.03728813559322034, 0.03728813559322034, 0.0576271186440678, 0.0576271186440678, 0.06440677966101695, 0.06440677966101695, 0.08983050847457627, 0.08983050847457627, 0.09491525423728814, 0.09491525423728814, 0.22542372881355932, 0.22542372881355932, 0.2576271186440678, 0.2576271186440678, 1.0], "tpr": [0.0, 0.005714285714285714, 0.5771428571428572, 0.5771428571428572, 0.7085714285714285, 0.7085714285714285, 0.7371428571428571, 0.7371428571428571, 0.76, 0.76, 0.8, 0.8, 0.8857142857142857, 0.8857142857142857, 0.9142857142857143, 0.9142857142857143, 0.9314285714285714, 0.9314285714285714, 0.9371428571428572, 0.9371428571428572, 0.9428571428571428, 0.9428571428571428, 0.9485714285714286, 0.9485714285714286, 0.9542857142857143, 0.9542857142857143, 0.96, 0.96, 0.9657142857142857, 0.9657142857142857, 0.9714285714285714, 0.9714285714285714, 0.9771428571428571, 0.9771428571428571, 0.9828571428571429, 0.9828571428571429, 0.9885714285714285, 0.9885714285714285, 0.9942857142857143, 0.9942857142857143, 1.0, 1.0], "auc": 0.9926101694915255}, "Bacterial_Blight": {"fpr": [0.0, 0.0, 0.0, 0.0016129032258064516, 0.0016129032258064516, 0.0032258064516129032, 0.0032258064516129032, 0.004838709677419355, 0.004838709677419355, 0.008064516129032258, 0.008064516129032258, 0.00967741935483871, 0.00967741935483871, 0.012903225806451613, 0.012903225806451613, 0.01935483870967742, 0.01935483870967742, 0.03064516129032258, 0.03064516129032258, 0.05806451612903226, 0.05806451612903226, 0.1935483870967742, 0.1935483870967742, 1.0], "tpr": [0.0, 0.006896551724137931, 0.47586206896551725, 0.47586206896551725, 0.7586206896551724, 0.7586206896551724, 0.8896551724137931, 0.8896551724137931, 0.903448275862069, 0.903448275862069, 0.9172413793103448, 0.9172413793103448, 0.9586206896551724, 0.9586206896551724, 0.9655172413793104, 0.9655172413793104, 0.9793103448275862, 0.9793103448275862, 0.9862068965517241, 0.9862068965517241, 0.993103448275862, 0.993103448275862, 1.0, 1.0], "auc": 0.9962402669632925}, "Cercospora": {"fpr": [0.0, 0.0, 0.0, 0.0014925373134328358, 0.0014925373134328358, 0.0029850746268656717, 0.0029850746268656717, 0.011940298507462687, 0.011940298507462687, 0.013432835820895522, 0.013432835820895522, 0.016417910447761194, 0.016417910447761194, 0.022388059701492536, 0.022388059701492536, 0.05373134328358209, 0.05373134328358209, 1.0], "tpr": [0.0, 0.010526315789473684, 0.7368421052631579, 0.7368421052631579, 0.8105263157894737, 0.8105263157894737, 0.9157894736842105, 0.9157894736842105, 0.9473684210526315, 0.9473684210526315, 0.968421052631579, 0.968421052631579, 0.9789473684210527, 0.9789473684210527, 0.9894736842105263, 0.9894736842105263, 1.0, 1.0], "auc": 0.9979418695993716}, "Healthy": {"fpr": [0.0, 0.0, 0.0, 0.0018248175182481751, 0.0018248175182481751, 0.0036496350364963502, 0.0036496350364963502, 0.005474452554744526, 0.005474452554744526, 0.0072992700729927005, 0.0072992700729927005, 0.012773722627737226, 0.012773722627737226, 0.020072992700729927, 0.020072992700729927, 0.04744525547445255, 0.04744525547445255, 1.0], "tpr": [0.0, 0.004608294930875576, 0.6682027649769585, 0.6682027649769585, 0.9078341013824884, 0.9078341013824884, 0.9585253456221198, 0.9585253456221198, 0.967741935483871, 0.967741935483871, 0.9769585253456221, 0.9769585253456221, 0.9861751152073732, 0.9861751152073732, 0.9953917050691244, 0.9953917050691244, 1.0, 1.0], "auc": 0.9987386054021326}}}