{
    "hardware_setup": "NVIDIA RTX 6000 Ada Generation",
    "gpu_count": 1,
    "libraries": {
        "torch": "2.10.0"
    },
    "models": {
        "ResNet50": {
            "params": 23518277,
            "inference_latency_ms": 41.072704792022705,
            "training_time_sec": 3785.993500471115,
            "best_val_f1": 0.9633087110491653,
            "statistical_ci": {
                "accuracy": {
                    "point_estimate": 0.9464052287581699,
                    "ci_lower": 0.9294117647058824,
                    "ci_upper": 0.9620915032679739,
                    "std_error": 0.008360404574305978,
                    "confidence_level": 0.95
                },
                "precision": {
                    "point_estimate": 0.9471236923329945,
                    "ci_lower": 0.9321340163511601,
                    "ci_upper": 0.9612777898070465,
                    "std_error": 0.007474461328002054,
                    "confidence_level": 0.95
                },
                "recall": {
                    "point_estimate": 0.9464052287581699,
                    "ci_lower": 0.9294117647058824,
                    "ci_upper": 0.9620915032679739,
                    "std_error": 0.008216685168657468,
                    "confidence_level": 0.95
                },
                "f1": {
                    "point_estimate": 0.9464689910992317,
                    "ci_lower": 0.9297909422481423,
                    "ci_upper": 0.9621517361368597,
                    "std_error": 0.008161367311180416,
                    "confidence_level": 0.95
                }
            }
        },
        "InceptionV3": {
            "params": 25122509,
            "inference_latency_ms": 98.0564284324646,
            "training_time_sec": 3327.4617540836334,
            "best_val_f1": 0.9764248490152281,
            "statistical_ci": {
                "accuracy": {
                    "point_estimate": 0.9803921568627451,
                    "ci_lower": 0.9699346405228758,
                    "ci_upper": 0.9895424836601308,
                    "std_error": 0.00504607334136473,
                    "confidence_level": 0.95
                },
                "precision": {
                    "point_estimate": 0.9805734180185454,
                    "ci_lower": 0.9703809853607539,
                    "ci_upper": 0.9895953880181383,
                    "std_error": 0.004790763425190674,
                    "confidence_level": 0.95
                },
                "recall": {
                    "point_estimate": 0.9803921568627451,
                    "ci_lower": 0.9699346405228758,
                    "ci_upper": 0.9895424836601308,
                    "std_error": 0.005001743640608432,
                    "confidence_level": 0.95
                },
                "f1": {
                    "point_estimate": 0.9804048096174778,
                    "ci_lower": 0.9687071830010024,
                    "ci_upper": 0.9908351314457411,
                    "std_error": 0.005310407853408301,
                    "confidence_level": 0.95
                }
            }
        },
        "DenseNet121": {
            "params": 6958981,
            "inference_latency_ms": 186.84895753860474,
            "training_time_sec": 4492.831508398056,
            "best_val_f1": 0.9804248598436704,
            "statistical_ci": {
                "accuracy": {
                    "point_estimate": 0.9764705882352941,
                    "ci_lower": 0.9647058823529412,
                    "ci_upper": 0.9856209150326798,
                    "std_error": 0.005389046438994274,
                    "confidence_level": 0.95
                },
                "precision": {
                    "point_estimate": 0.976919450662821,
                    "ci_lower": 0.9665044339709457,
                    "ci_upper": 0.9861082183067478,
                    "std_error": 0.005262142288777641,
                    "confidence_level": 0.95
                },
                "recall": {
                    "point_estimate": 0.9764705882352941,
                    "ci_lower": 0.9647058823529412,
                    "ci_upper": 0.9869281045751634,
                    "std_error": 0.0055901329194076215,
                    "confidence_level": 0.95
                },
                "f1": {
                    "point_estimate": 0.9765422203505219,
                    "ci_lower": 0.9649395720917571,
                    "ci_upper": 0.9869631699408798,
                    "std_error": 0.005482973494750421,
                    "confidence_level": 0.95
                }
            }
        },
        "EfficientNetB0": {
            "params": 4013953,
            "inference_latency_ms": 65.66601276397705,
            "training_time_sec": 4291.78772521019,
            "best_val_f1": 0.9490122812182331,
            "statistical_ci": {
                "accuracy": {
                    "point_estimate": 0.9320261437908497,
                    "ci_lower": 0.9136928104575164,
                    "ci_upper": 0.9490196078431372,
                    "std_error": 0.009061646750928276,
                    "confidence_level": 0.95
                },
                "precision": {
                    "point_estimate": 0.933663727156417,
                    "ci_lower": 0.9175262499052411,
                    "ci_upper": 0.9505819461091322,
                    "std_error": 0.008627341061059014,
                    "confidence_level": 0.95
                },
                "recall": {
                    "point_estimate": 0.9320261437908497,
                    "ci_lower": 0.9137254901960784,
                    "ci_upper": 0.9503267973856209,
                    "std_error": 0.009206037594891518,
                    "confidence_level": 0.95
                },
                "f1": {
                    "point_estimate": 0.9319892655475295,
                    "ci_lower": 0.9132118744834548,
                    "ci_upper": 0.9493996354584711,
                    "std_error": 0.008787995789704761,
                    "confidence_level": 0.95
                }
            }
        },
        "VGG16": {
            "params": 134281029,
            "inference_latency_ms": 15.354111194610596,
            "training_time_sec": 3011.868016242981,
            "best_val_f1": 0.9738730464715067,
            "statistical_ci": {
                "accuracy": {
                    "point_estimate": 0.9633986928104575,
                    "ci_lower": 0.9503267973856209,
                    "ci_upper": 0.9764705882352941,
                    "std_error": 0.006812547068204024,
                    "confidence_level": 0.95
                },
                "precision": {
                    "point_estimate": 0.9641726228763486,
                    "ci_lower": 0.9495716826300485,
                    "ci_upper": 0.9757436319442074,
                    "std_error": 0.006559464929643045,
                    "confidence_level": 0.95
                },
                "recall": {
                    "point_estimate": 0.9633986928104575,
                    "ci_lower": 0.9490196078431372,
                    "ci_upper": 0.9751960784313725,
                    "std_error": 0.006866105619793555,
                    "confidence_level": 0.95
                },
                "f1": {
                    "point_estimate": 0.9635332658661604,
                    "ci_lower": 0.9491627847624352,
                    "ci_upper": 0.976573421072703,
                    "std_error": 0.007010444477936551,
                    "confidence_level": 0.95
                }
            }
        }
    }
}