{"classes": ["Alternaria", "Anthracnose", "Bacterial_Blight", "Cercospora", "Healthy"], "curves": {"Alternaria": {"fpr": [0.0, 0.0, 0.0, 0.0015822784810126582, 0.0015822784810126582, 0.0031645569620253164, 0.0031645569620253164, 0.004746835443037975, 0.004746835443037975, 0.011075949367088608, 0.011075949367088608, 0.014240506329113924, 0.014240506329113924, 0.15981012658227847, 0.15981012658227847, 0.18354430379746836, 0.18354430379746836, 1.0], "tpr": [0.0, 0.007518796992481203, 0.924812030075188, 0.924812030075188, 0.9323308270676691, 0.9323308270676691, 0.9473684210526315, 0.9473684210526315, 0.9624060150375939, 0.9624060150375939, 0.9774436090225563, 0.9774436090225563, 0.9849624060150376, 0.9849624060150376, 0.9924812030075187, 0.9924812030075187, 1.0, 1.0], "auc": 0.9970138954982393}, "Anthracnose": {"fpr": [0.0, 0.0, 0.0, 0.001694915254237288, 0.001694915254237288, 0.003389830508474576, 0.003389830508474576, 0.00847457627118644, 0.00847457627118644, 0.01694915254237288, 0.01694915254237288, 0.022033898305084745, 0.022033898305084745, 0.19152542372881357, 0.19152542372881357, 1.0], "tpr": [0.0, 0.005714285714285714, 0.9542857142857143, 0.9542857142857143, 0.9657142857142857, 0.9657142857142857, 0.9714285714285714, 0.9714285714285714, 0.9828571428571429, 0.9828571428571429, 0.9885714285714285, 0.9885714285714285, 0.9942857142857143, 0.9942857142857143, 1.0, 1.0], "auc": 0.998547215496368}, "Bacterial_Blight": {"fpr": [0.0, 0.0, 0.0, 0.0016129032258064516, 0.0016129032258064516, 0.004838709677419355, 0.004838709677419355, 0.0064516129032258064, 0.0064516129032258064, 0.008064516129032258, 0.008064516129032258, 0.014516129032258065, 0.014516129032258065, 0.024193548387096774, 0.024193548387096774, 1.0], "tpr": [0.0, 0.006896551724137931, 0.5241379310344828, 0.5241379310344828, 0.9172413793103448, 0.9172413793103448, 0.9448275862068966, 0.9448275862068966, 0.9724137931034482, 0.9724137931034482, 0.9862068965517241, 0.9862068965517241, 0.993103448275862, 0.993103448275862, 1.0, 1.0], "auc": 0.9986763070077864}, "Cercospora": {"fpr": [0.0, 0.0, 0.0, 0.0014925373134328358, 0.0014925373134328358, 0.014925373134328358, 0.014925373134328358, 0.022388059701492536, 0.022388059701492536, 0.029850746268656716, 0.029850746268656716, 1.0], "tpr": [0.0, 0.010526315789473684, 0.9578947368421052, 0.9578947368421052, 0.968421052631579, 0.968421052631579, 0.9789473684210527, 0.9789473684210527, 0.9894736842105263, 0.9894736842105263, 1.0, 1.0], "auc": 0.9992772977219168}, "Healthy": {"fpr": [0.0, 0.0, 0.0, 0.0018248175182481751, 0.0018248175182481751, 0.0036496350364963502, 0.0036496350364963502, 1.0], "tpr": [0.0, 0.004608294930875576, 0.8341013824884793, 0.8341013824884793, 0.9953917050691244, 0.9953917050691244, 1.0, 1.0], "auc": 0.9996888559991927}}}