{
  "overall_metrics_with_ci": {
    "accuracy": {
      "point_estimate": 0.9803921568627451,
      "ci_lower": 0.9699346405228758,
      "ci_upper": 0.9895424836601308,
      "std_error": 0.00504607334136473,
      "confidence_level": 0.95
    },
    "precision": {
      "point_estimate": 0.9805734180185454,
      "ci_lower": 0.9703809853607539,
      "ci_upper": 0.9895953880181383,
      "std_error": 0.004790763425190674,
      "confidence_level": 0.95
    },
    "recall": {
      "point_estimate": 0.9803921568627451,
      "ci_lower": 0.9699346405228758,
      "ci_upper": 0.9895424836601308,
      "std_error": 0.005001743640608432,
      "confidence_level": 0.95
    },
    "f1": {
      "point_estimate": 0.9804048096174778,
      "ci_lower": 0.9687071830010024,
      "ci_upper": 0.9908351314457411,
      "std_error": 0.005310407853408301,
      "confidence_level": 0.95
    }
  },
  "per_class_metrics_with_ci": {
    "Alternaria": {
      "precision": {
        "point_estimate": 0.9626865671641791,
        "ci_lower": 0.9237271962737741,
        "ci_upper": 0.9923664122137404,
        "std_error": 0.01667243116744673,
        "confidence_level": 0.95
      },
      "recall": {
        "point_estimate": 0.9699248120300752,
        "ci_lower": 0.9357085253456221,
        "ci_upper": 0.9928633004926108,
        "std_error": 0.015162412819346027,
        "confidence_level": 0.95
      },
      "f1": {
        "point_estimate": 0.9662921348314607,
        "ci_lower": 0.9455993396966528,
        "ci_upper": 0.9860235003092146,
        "std_error": 0.010647503073339093,
        "confidence_level": 0.95
      }
    },
    "Anthracnose": {
      "precision": {
        "point_estimate": 0.9771428571428571,
        "ci_lower": 0.9506155881155881,
        "ci_upper": 0.9947124038618883,
        "std_error": 0.011471103742028928,
        "confidence_level": 0.95
      },
      "recall": {
        "point_estimate": 0.9771428571428571,
        "ci_lower": 0.9520902046175029,
        "ci_upper": 0.9945673971169495,
        "std_error": 0.011399475330954506,
        "confidence_level": 0.95
      },
      "f1": {
        "point_estimate": 0.9771428571428571,
        "ci_lower": 0.9595679541311561,
        "ci_upper": 0.9916908953549598,
        "std_error": 0.008136831801353273,
        "confidence_level": 0.95
      }
    },
    "Bacterial_Blight": {
      "precision": {
        "point_estimate": 0.9662162162162162,
        "ci_lower": 0.9352335988352175,
        "ci_upper": 0.9930567528735632,
        "std_error": 0.01476485440653434,
        "confidence_level": 0.95
      },
      "recall": {
        "point_estimate": 0.9862068965517241,
        "ci_lower": 0.9655172413793104,
        "ci_upper": 1.0,
        "std_error": 0.009134988174676086,
        "confidence_level": 0.95
      },
      "f1": {
        "point_estimate": 0.9761092150170648,
        "ci_lower": 0.9571984435797666,
        "ci_upper": 0.9925373134328358,
        "std_error": 0.008764470021333933,
        "confidence_level": 0.95
      }
    },
    "Cercospora": {
      "precision": {
        "point_estimate": 1.0,
        "ci_lower": 1.0,
        "ci_upper": 1.0,
        "std_error": 0.0,
        "confidence_level": 0.95
      },
      "recall": {
        "point_estimate": 0.9578947368421052,
        "ci_lower": 0.9157894736842105,
        "ci_upper": 1.0,
        "std_error": 0.020594657630981186,
        "confidence_level": 0.95
      },
      "f1": {
        "point_estimate": 0.978494623655914,
        "ci_lower": 0.9559670973138767,
        "ci_upper": 0.9953062561415003,
        "std_error": 0.010814035928610717,
        "confidence_level": 0.95
      }
    },
    "Healthy": {
      "precision": {
        "point_estimate": 0.9953917050691244,
        "ci_lower": 0.9854351172152498,
        "ci_upper": 1.0,
        "std_error": 0.0044840157740174925,
        "confidence_level": 0.95
      },
      "recall": {
        "point_estimate": 0.9953917050691244,
        "ci_lower": 0.9854368932038835,
        "ci_upper": 1.0,
        "std_error": 0.004578596087700622,
        "confidence_level": 0.95
      },
      "f1": {
        "point_estimate": 0.9953917050691244,
        "ci_lower": 0.9876527892656924,
        "ci_upper": 1.0,
        "std_error": 0.0033078052434653573,
        "confidence_level": 0.95
      }
    }
  },
  "n_bootstrap": 1000,
  "confidence_level": 0.95
}