{"classes": ["Alternaria", "Anthracnose", "Bacterial_Blight", "Cercospora", "Healthy"], "curves": {"Alternaria": {"fpr": [0.0, 0.0, 0.0, 0.0015822784810126582, 0.0015822784810126582, 0.0031645569620253164, 0.0031645569620253164, 0.011075949367088608, 0.011075949367088608, 0.015822784810126583, 0.015822784810126583, 0.06645569620253164, 0.06645569620253164, 0.21044303797468356, 0.21044303797468356, 1.0], "tpr": [0.0, 0.007518796992481203, 0.9473684210526315, 0.9473684210526315, 0.9624060150375939, 0.9624060150375939, 0.9699248120300752, 0.9699248120300752, 0.9774436090225563, 0.9774436090225563, 0.9849624060150376, 0.9849624060150376, 0.9924812030075187, 0.9924812030075187, 1.0, 1.0], "auc": 0.9976682211858761}, "Anthracnose": {"fpr": [0.0, 0.0, 0.0, 0.001694915254237288, 0.001694915254237288, 0.005084745762711864, 0.005084745762711864, 0.006779661016949152, 0.006779661016949152, 0.00847457627118644, 0.00847457627118644, 0.010169491525423728, 0.010169491525423728, 0.011864406779661017, 0.011864406779661017, 0.16101694915254236, 0.16101694915254236, 1.0], "tpr": [0.0, 0.005714285714285714, 0.8457142857142858, 0.8457142857142858, 0.9657142857142857, 0.9657142857142857, 0.9714285714285714, 0.9714285714285714, 0.9771428571428571, 0.9771428571428571, 0.9828571428571429, 0.9828571428571429, 0.9885714285714285, 0.9885714285714285, 0.9942857142857143, 0.9942857142857143, 1.0, 1.0], "auc": 0.998634382566586}, "Bacterial_Blight": {"fpr": [0.0, 0.0, 0.0, 0.0016129032258064516, 0.0016129032258064516, 0.0032258064516129032, 0.0032258064516129032, 0.004838709677419355, 0.004838709677419355, 0.008064516129032258, 0.008064516129032258, 0.012903225806451613, 0.012903225806451613, 1.0], "tpr": [0.0, 0.006896551724137931, 0.6137931034482759, 0.6137931034482759, 0.9172413793103448, 0.9172413793103448, 0.9517241379310345, 0.9517241379310345, 0.9655172413793104, 0.9655172413793104, 0.9862068965517241, 0.9862068965517241, 1.0, 1.0], "auc": 0.9989877641824249}, "Cercospora": {"fpr": [0.0, 0.0, 0.0, 0.0029850746268656717, 0.0029850746268656717, 0.004477611940298508, 0.004477611940298508, 0.010447761194029851, 0.010447761194029851, 0.022388059701492536, 0.022388059701492536, 1.0], "tpr": [0.0, 0.010526315789473684, 0.9578947368421052, 0.9578947368421052, 0.968421052631579, 0.968421052631579, 0.9789473684210527, 0.9789473684210527, 0.9894736842105263, 0.9894736842105263, 1.0, 1.0], "auc": 0.9995758051846033}, "Healthy": {"fpr": [0.0, 0.0, 0.0, 0.0018248175182481751, 0.0018248175182481751, 0.0036496350364963502, 0.0036496350364963502, 0.005474452554744526, 0.005474452554744526, 0.020072992700729927, 0.020072992700729927, 1.0], "tpr": [0.0, 0.004608294930875576, 0.815668202764977, 0.815668202764977, 0.9769585253456221, 0.9769585253456221, 0.9861751152073732, 0.9861751152073732, 0.9953917050691244, 0.9953917050691244, 1.0, 1.0], "auc": 0.9995290793501295}}}